experiment,scenario,controller,sync_log,delay_log,actuator,seed,settle_true_s,overshoot_true_pct,peak_true_ns,rms_true_ns,bias_true_ns,settle_est_s,rms_est_ns,bias_est_ns,diverged,resets,range_resets,clamped,wall_ms
default,deterministic,baseline_pi,-2,1,ideal,1,14.58,69.05428349421815,160003.02000000002,0.7039590704363128,0.2410249355972267,14.750001,0.5809475019311126,0.004166666666666667,False,0,0,0,30.113865999737754
default,deterministic,pi_time_aware,-2,1,ideal,1,9.6,19.214516460357476,160003.02000000002,0.6040138522765046,0.37525866547753683,9.750001,0.3535533905932738,0.0,False,0,0,0,30.162576997099677
default,noisy,baseline_pi,-2,1,ideal,1,12.13,69.09104983032978,160003.64601348,185.17880920770426,-26.99115927601025,14.00000244928,307.3445860279134,-1.205020920502092,False,0,0,0,47.69707500236109
default,noisy,baseline_pi,-2,1,ideal,2,11.56,66.94165688853766,155002.95078906,190.1250227552939,15.949628977206196,11.249992844931,271.9651405178681,-2.7531380753138075,False,0,0,0,43.5706169992045
default,noisy,baseline_pi,-2,1,ideal,3,13.17,77.99798417190279,180003.27450240002,244.04027803310458,23.317466182741764,15.249967668643,338.3934787248635,-3.937238493723849,False,0,0,0,42.598496002028696
default,noisy,baseline_pi,-2,1,ideal,4,10.55,55.34600046099266,130002.24432966,245.76925861542836,-2.1751651869089215,10.500010684772,294.5803936675578,-1.1166666666666667,False,0,0,0,42.47409399977187
default,noisy,baseline_pi,-2,1,ideal,5,10.790000000000001,54.807146683557406,130002.71604946,254.53279819818457,-18.83618872894666,12.500005142421,316.71454024089263,0.09166666666666666,False,0,0,0,42.60412700023153
default,noisy,baseline_pi,-2,1,ideal,6,15.06,73.00194280881747,170002.46482486,208.18723385076598,-34.3657695202256,15.00001562765,274.79126349599227,-2.196652719665272,False,0,0,0,44.05386199869099
default,noisy,baseline_pi,-2,1,ideal,7,13.36,61.35554723870135,145002.85003796,215.5715579610332,23.23513784530719,13.499965476782,266.7843308117376,-3.995833333333333,False,0,0,0,42.834568997932365
default,noisy,baseline_pi,-2,1,ideal,8,9.950000000000001,53.51580962744011,125002.73115776,255.30471030997637,10.671795831735231,9.999992927332,321.2742532997833,-0.7375,False,0,0,0,42.7284299985331
default,noisy,baseline_pi,-2,1,ideal,9,9.73,47.67410137208278,115003.96907084,251.95653043166365,-2.7004853921017338,10.000050185358,325.36940544556427,-4.641666666666667,False,0,0,0,46.00480600129231
default,noisy,baseline_pi,-2,1,ideal,10,9.69,48.57580992310282,115003.10877990001,165.5136629936553,-25.63131197700294,11.499982933425,260.8726780762345,-8.0375,False,0,0,0,42.13018999871565
default,noisy,pi_time_aware,-2,1,ideal,1,8.75,19.19430512304378,160003.64601348,189.6188465330558,-30.62991864597727,8.749982777071,300.73167400351093,-1.0878661087866108,False,0,0,0,42.743918998894515
default,noisy,pi_time_aware,-2,1,ideal,2,8.44,19.021857720922096,155002.95078906,195.1201018920008,22.096062318963277,8.249997495278,255.31950612752843,-1.8577405857740585,False,0,0,0,43.13255699889851
default,noisy,pi_time_aware,-2,1,ideal,3,8.43,7.808829127213962,180003.27450240002,238.2045359567398,32.98359702325004,8.500000201852,300.46667328893926,-0.9246861924686193,False,0,0,1,43.58601599960821
default,noisy,pi_time_aware,-2,1,ideal,4,6.6000000000000005,14.903901004899497,130002.24432966,221.89144048772286,-3.2670441765744265,6.499970711198,266.93797656634274,-1.525,False,0,0,0,43.15919700093218
default,noisy,pi_time_aware,-2,1,ideal,5,6.7,13.80834059213826,130002.71604946,216.10694982784702,-20.492130654930932,6.749998025433,280.27820999856556,-0.15,False,0,0,0,43.047207000199705
default,noisy,pi_time_aware,-2,1,ideal,6,9.15,19.777555103678203,170002.46482486,199.99726747415443,-33.5654435962635,9.250034438106,259.1075203713136,-1.4267782426778242,False,0,0,0,43.371264000597876
default,noisy,pi_time_aware,-2,1,ideal,7,7.62,15.677856127903045,145002.85003796,184.2188936415339,26.553412300604155,7.749984606168,247.49407400312975,-0.9083333333333333,False,0,0,0,43.989972000417765
default,noisy,pi_time_aware,-2,1,ideal,8,6.25,14.582160298708327,125002.73115776,263.7979273795052,14.08574241383427,6.249999434157,322.4675177440357,-0.5666666666666667,False,0,0,0,43.50754900224274
default,noisy,pi_time_aware,-2,1,ideal,9,5.8500000000000005,11.48262840865921,115003.96907084,223.2621808336442,-0.8902862022592877,5.749971796174,296.852832505716,-3.0791666666666666,False,0,0,0,44.22782799883862
default,noisy,pi_time_aware,-2,1,ideal,10,5.55,12.626677148014748,115003.10877990001,175.03458738467413,-22.99182185031782,5.750006664241,264.699916572207,-4.345833333333333,False,0,0,0,45.165624000219395
sync_sweep,deterministic,baseline_pi,-4,1,ideal,1,17.25,100.26154977144328,157503.02000000002,0.6308880095446081,0.386664858225132,17.312501,0.35648749393679063,0.0,False,0,0,0,106.33866599891917
sync_sweep,deterministic,pi_time_aware,-4,1,ideal,1,9.52,16.853072006333374,157503.02000000002,0.5106939148460572,0.3756412791830034,9.500001,0.2091650066335189,0.0,False,0,0,0,106.6932200010342
sync_sweep,deterministic,baseline_pi,-3,1,ideal,1,15.4,85.72504842712218,157503.02000000002,0.5886266310002154,0.5213193286501143,15.500001,0.13693063937629152,0.0020833333333333333,False,0,0,0,51.8264479978825
sync_sweep,deterministic,pi_time_aware,-3,1,ideal,1,9.540000000000001,17.915915793803315,157503.02000000002,0.5112827307639627,0.4235983906559939,9.500001,0.14433756729740643,0.0,False,0,0,0,54.397893996792845
sync_sweep,deterministic,baseline_pi,-2,1,ideal,1,14.58,69.05428349421815,160003.02000000002,0.7039590704363128,0.2410249355972267,14.750001,0.5809475019311126,0.004166666666666667,False,0,0,0,27.772591001848923
sync_sweep,deterministic,pi_time_aware,-2,1,ideal,1,9.6,19.214516460357476,160003.02000000002,0.6040138522765046,0.37525866547753683,9.750001,0.3535533905932738,0.0,False,0,0,0,29.100538999045966
sync_sweep,deterministic,baseline_pi,-1,1,ideal,1,12.82,47.81113868678404,160003.02000000002,0.6048676437954048,0.23788286250168234,13.000001,0.5627314338711378,0.0,False,0,0,0,14.909230998455314
sync_sweep,deterministic,pi_time_aware,-1,1,ideal,1,12.16,20.736268601398137,160003.02000000002,0.647689804047327,0.04816630437871632,12.000001,0.7637626158259734,0.0,False,0,0,0,16.095662998850457
sync_sweep,deterministic,baseline_pi,0,1,ideal,1,13.72,39.1470015786808,160003.02000000002,0.5886309571583063,0.3797810837544393,16.000001,0.6708203932499369,0.016666666666666666,False,0,0,0,8.888725998986047
sync_sweep,deterministic,pi_time_aware,0,1,ideal,1,19.5,6.67530929682526,160003.02000000002,0.5258249224347707,0.4216409577015971,19.000001,0.31622776601683794,0.0,False,0,0,0,9.182416000840021
sync_sweep,deterministic,baseline_pi,1,1,ideal,1,,47497.41415660195,47511475.78123862,38725165.09702046,-1569239.7591463046,,58460982.76160146,-3826854.933333333,True,140,140,0,11.355335998814553
sync_sweep,deterministic,pi_time_aware,1,1,ideal,1,23.93,0.0005697318490559919,180003.02000000002,0.46631444865045085,0.2899951794409882,24.000001,0.7302967433402214,0.0,False,0,0,0,11.29859000138822
sync_sweep,deterministic,baseline_pi,2,1,ideal,1,,16421.634542901593,173456868.61335868,172857215.8367013,172856868.6133587,,172845776.58780795,172845431.0,True,143,142,0,8.316393999848515
sync_sweep,deterministic,pi_time_aware,2,1,ideal,1,83.07000000000001,0.00012518493352309723,260003.02000000002,0.3821658279071123,0.288899743940119,84.000001,0.8944271909999159,0.0,False,0,0,0,7.799255999998422
delay_sweep,deterministic,baseline_pi,-2,-2,ideal,1,11.94,40.06384660572707,110003.02,0.10378024766618495,-0.0755987682962844,12.000001,0.8440971508067067,-0.004166666666666667,False,0,0,0,44.3612769995525
delay_sweep,deterministic,pi_time_aware,-2,-2,ideal,1,6.48,9.081572148877726,110003.02,0.28099813331686924,0.08317359939241303,6.500001,0.8416254115301732,0.0,False,0,0,0,45.60605900041992
delay_sweep,deterministic,baseline_pi,-2,-1,ideal,1,10.51,37.03954037008455,115003.02,0.2950545403377438,0.12041924844875962,10.500001,0.4699290726623895,0.004166666666666667,False,0,0,0,34.68288299700362
delay_sweep,deterministic,pi_time_aware,-2,-1,ideal,1,6.97,8.388437617289902,115003.02,0.3148296543218874,0.005025598765079384,7.000001,0.3872983346207417,0.0,False,0,0,0,36.04752899991581
delay_sweep,deterministic,baseline_pi,-2,0,ideal,1,11.1,44.9565194914953,130003.02,0.6046206288441854,0.36650779189686455,11.250001,0.6422616289332564,-0.004166666666666667,False,0,0,0,29.767587999231182
delay_sweep,deterministic,pi_time_aware,-2,0,ideal,1,7.84,10.681496973416484,130003.02,0.6364246853221818,0.4985170879401568,7.750001,0.4183300132670378,0.0,False,0,0,0,31.011446997581515
delay_sweep,deterministic,baseline_pi,-2,1,ideal,1,14.58,69.05428349421815,160003.02000000002,0.7039590704363128,0.2410249355972267,14.750001,0.5809475019311126,0.004166666666666667,False,0,0,0,27.4056140005996
delay_sweep,deterministic,pi_time_aware,-2,1,ideal,1,9.6,19.214516460357476,160003.02000000002,0.6040138522765046,0.37525866547753683,9.750001,0.3535533905932738,0.0,False,0,0,0,30.424497999774758
delay_sweep,deterministic,baseline_pi,-2,2,ideal,1,21.830000000000002,96.74208305148517,215003.02000000002,0.7436857407631058,0.20506602821124312,22.000001,0.5283622494715786,0.004166666666666667,False,0,0,0,30.54368100129068
delay_sweep,deterministic,pi_time_aware,-2,2,ideal,1,12.21,14.382211080245677,215003.02000000002,0.6846812035204137,-0.04049279438748511,11.750001,0.43779751788545657,0.008333333333333333,False,0,0,1,30.24328899846296
delay_sweep,deterministic,baseline_pi,-2,3,ideal,1,26.07,149.24657602347574,330003.02,0.5312707569985049,-0.46156620851278946,26.250001,0.19364916731037085,0.004166666666666667,False,0,0,0,26.91591699840501
delay_sweep,deterministic,pi_time_aware,-2,3,ideal,1,19.830000000000002,16.963532253449227,330003.02,0.6331001119480462,-0.276721861795008,20.000001,0.28867513459481287,0.0,False,0,0,2,27.269098998658592
delay_sweep,deterministic,baseline_pi,-2,4,ideal,1,38.5,254.25374215703735,560003.02,0.5848905121038952,0.38988117729473204,38.000001,0.2581988897471611,0.0,False,0,0,0,25.57894299752661
delay_sweep,deterministic,pi_time_aware,-2,4,ideal,1,39.01,7.974999621516641,560003.02,0.6278307564704788,-0.08794557069907039,39.250001,0.28867513459481287,0.0,False,0,0,5,26.093106000189437
actuator,deterministic,baseline_pi,-2,1,ideal@100MHz,1,14.58,69.05428349421815,160003.02000000002,0.7039590704363128,0.2410249355972267,14.750001,0.5809475019311126,0.004166666666666667,False,0,0,0,27.950513998803217
actuator,deterministic,pi_time_aware,-2,1,ideal@100MHz,1,9.6,19.214516460357476,160003.02000000002,0.6040138522765046,0.37525866547753683,9.750001,0.3535533905932738,0.0,False,0,0,0,30.611127000156557
actuator,deterministic,baseline_pi,-2,1,nxp@100MHz,1,14.59,69.0429997535178,160003.02000000002,5.134331375870659,3.3225639816025816,14.750001,4.618802153517006,0.08333333333333333,False,0,0,0,78.75196199893253
actuator,deterministic,pi_time_aware,-2,1,nxp@100MHz,1,9.6,19.208237305523724,160003.02000000002,7.107659206236002,6.350853477427043,9.750001,4.301162633521313,0.041666666666666664,False,0,0,0,77.61526400281582
actuator,deterministic,baseline_pi,-2,1,nxp@98.304MHz,1,14.540000000000001,68.78079419131284,159389.55832526385,49.43986568323239,3.5734863720617644,14.750001,56.8926254740747,-0.8958333333333334,False,0,0,0,79.02830999955768
actuator,deterministic,pi_time_aware,-2,1,nxp@98.304MHz,1,9.27,18.97678634225004,159389.55832526385,49.77866896441899,8.006051669495127,9.250001,55.2042797253981,0.17083333333333334,False,0,0,0,79.6875749983883
actuator,deterministic,baseline_pi,-2,1,nxp@24MHz,1,,68.22376799510309,160003.02000000002,3962.1369188073195,-120.42928707909839,,4939.907512629496,-43.30833333333333,False,0,0,0,77.55987999917124
actuator,deterministic,pi_time_aware,-2,1,nxp@24MHz,1,,22.170985772883864,160003.02000000002,3866.4809979824854,171.7605578368481,,4877.597238907698,-2.2583333333333333,False,0,0,0,79.3903580015467
loss,noisy+loss0,baseline_pi,-2,1,ideal,1,12.13,69.09104983032978,160003.64601348,185.17880920770426,-26.99115927601025,14.00000244928,307.3445860279134,-1.205020920502092,False,0,0,0,42.754047997732414
loss,noisy+loss0,pi_time_aware,-2,1,ideal,1,8.75,19.19430512304378,160003.64601348,189.6188465330558,-30.62991864597727,8.749982777071,300.73167400351093,-1.0878661087866108,False,0,0,0,44.05398300150409
loss,noisy+loss0.05,baseline_pi,-2,1,ideal,1,14.11,69.09104983032978,160003.64601348,183.24536795749995,-32.71264488635716,14.750033739548,287.4349926505122,-1.25,False,0,0,0,40.90236999763874
loss,noisy+loss0.05,pi_time_aware,-2,1,ideal,1,9.25,19.19430512304378,160003.64601348,203.76054226994293,-34.47076820972071,9.500001091424,294.7549678485989,-0.7767857142857143,False,0,0,0,42.82236599829048
loss,noisy+loss0.2,baseline_pi,-2,1,ideal,1,15.58,102.37325875860941,165002.45196414,306.90046465273866,41.95985044584935,15.500024046946,347.77745028908566,-0.9859154929577465,False,0,0,0,35.00018600243493
loss,noisy+loss0.2,pi_time_aware,-2,1,ideal,1,279.55,37.401517744555264,165002.45196414,426.7059959970636,20.152703046070698,280.249997463711,451.2977921318678,-12.147887323943662,False,0,0,0,35.712982000404736
